

INSERT INTO `T_TRADUCTION` (`ID_TRADUCTION`) VALUES (20000);
INSERT INTO `T_TRADUCTION` (`ID_TRADUCTION`) VALUES (20000);
INSERT INTO `T_TRADUCTION` (`ID_TRADUCTION`) VALUES(20001);
INSERT INTO `T_TRADUCTION` (`ID_TRADUCTION`) VALUES (20001);
INSERT INTO `T_TRADUCTION` (`ID_TRADUCTION`) VALUES(20002);
INSERT INTO `T_TRADUCTION` (`ID_TRADUCTION`) VALUES (20002);
INSERT INTO `T_TRADUCTION` (`ID_TRADUCTION`) VALUES (20003);
INSERT INTO `T_TRADUCTION` (`ID_TRADUCTION`) VALUES (20003);
INSERT INTO `T_TRADUCTION` (`ID_TRADUCTION`) VALUES (20004);
INSERT INTO `T_TRADUCTION` (`ID_TRADUCTION`) VALUES (20004);
INSERT INTO `T_TRADUCTION` (`ID_TRADUCTION`) VALUES (20005);
INSERT INTO `T_TRADUCTION` (`ID_TRADUCTION`) VALUES (20005);
INSERT INTO `T_TRADUCTION` (`ID_TRADUCTION`) VALUES (20006);
INSERT INTO `T_TRADUCTION` (`ID_TRADUCTION`) VALUES (20006);
INSERT INTO `T_TRADUCTION` (`ID_TRADUCTION`) VALUES (20007);
INSERT INTO `T_TRADUCTION` (`ID_TRADUCTION`) VALUES (20007);
INSERT INTO `T_TRADUCTION` (`ID_TRADUCTION`) VALUES (20008);
INSERT INTO `T_TRADUCTION` (`ID_TRADUCTION`) VALUES (20008);
INSERT INTO `T_TRADUCTION` (`ID_TRADUCTION`) VALUES (20009);
INSERT INTO `T_TRADUCTION` (`ID_TRADUCTION`) VALUES (20009);
INSERT INTO `T_TRADUCTION` (`ID_TRADUCTION`) VALUES (20010);
INSERT INTO `T_TRADUCTION` (`ID_TRADUCTION`) VALUES (20010);
INSERT INTO `T_TRADUCTION` (`ID_TRADUCTION`) VALUES (20011);
INSERT INTO `T_TRADUCTION` (`ID_TRADUCTION`) VALUES (20011);
INSERT INTO `T_TRADUCTION` (`ID_TRADUCTION`) VALUES (20012);
INSERT INTO `T_TRADUCTION` (`ID_TRADUCTION`) VALUES (20012);
INSERT INTO `T_TRADUCTION` (`ID_TRADUCTION`) VALUES (20013);
INSERT INTO `T_TRADUCTION` (`ID_TRADUCTION`) VALUES (20013);
INSERT INTO `T_TRADUCTION` (`ID_TRADUCTION`) VALUES (20014);
INSERT INTO `T_TRADUCTION` (`ID_TRADUCTION`) VALUES (20014);
INSERT INTO `T_TRADUCTION` (`ID_TRADUCTION`) VALUES (20015);
INSERT INTO `T_TRADUCTION` (`ID_TRADUCTION`) VALUES (20015);
INSERT INTO `T_TRADUCTION` (`ID_TRADUCTION`) VALUES (20016);
INSERT INTO `T_TRADUCTION` (`ID_TRADUCTION`) VALUES (20016);
INSERT INTO `T_TRADUCTION` (`ID_TRADUCTION`) VALUES (20017);
INSERT INTO `T_TRADUCTION` (`ID_TRADUCTION`) VALUES (20017);
INSERT INTO `T_TRADUCTION` (`ID_TRADUCTION`) VALUES (20018);
INSERT INTO `T_TRADUCTION` (`ID_TRADUCTION`) VALUES (20018);
INSERT INTO `T_TRADUCTION` (`ID_TRADUCTION`) VALUES (20019);
INSERT INTO `T_TRADUCTION` (`ID_TRADUCTION`) VALUES (20019);
INSERT INTO `T_TRADUCTION` (`ID_TRADUCTION`) VALUES (20020);
INSERT INTO `T_TRADUCTION` (`ID_TRADUCTION`) VALUES (20020);
INSERT INTO `T_TRADUCTION` (`ID_TRADUCTION`) VALUES (20021);
INSERT INTO `T_TRADUCTION` (`ID_TRADUCTION`) VALUES (20021);


INSERT INTO `T_TRADUCTION` (`ID_TRADUCTION`) VALUES ('20022');
INSERT INTO `T_TRADUCTION` (`ID_TRADUCTION`) VALUES ('20022');
INSERT INTO `T_TRADUCTION` (`ID_TRADUCTION`) VALUES ('20023');
INSERT INTO `T_TRADUCTION` (`ID_TRADUCTION`) VALUES ('20023');
INSERT INTO `T_TRADUCTION` (`ID_TRADUCTION`) VALUES ('20024');
INSERT INTO `T_TRADUCTION` (`ID_TRADUCTION`) VALUES ('20024');
INSERT INTO `T_TRADUCTION` (`ID_TRADUCTION`) VALUES ('20025');
INSERT INTO `T_TRADUCTION` (`ID_TRADUCTION`) VALUES ('20025');
INSERT INTO `T_TRADUCTION` (`ID_TRADUCTION`) VALUES ('20026');
INSERT INTO `T_TRADUCTION` (`ID_TRADUCTION`) VALUES ('20026');
INSERT INTO `T_TRADUCTION` (`ID_TRADUCTION`) VALUES ('20027');
INSERT INTO `T_TRADUCTION` (`ID_TRADUCTION`) VALUES ('20027');
INSERT INTO `T_TRADUCTION` (`ID_TRADUCTION`) VALUES ('20028');
INSERT INTO `T_TRADUCTION` (`ID_TRADUCTION`) VALUES ('20028');
INSERT INTO `T_TRADUCTION` (`ID_TRADUCTION`) VALUES ('20029');
INSERT INTO `T_TRADUCTION` (`ID_TRADUCTION`) VALUES ('20029');
INSERT INTO `T_TRADUCTION` (`ID_TRADUCTION`) VALUES ('20030');
INSERT INTO `T_TRADUCTION` (`ID_TRADUCTION`) VALUES ('20030');
INSERT INTO `T_TRADUCTION` (`ID_TRADUCTION`) VALUES ('20031');
INSERT INTO `T_TRADUCTION` (`ID_TRADUCTION`) VALUES ('20031');
INSERT INTO `T_TRADUCTION` (`ID_TRADUCTION`) VALUES ('20032');
INSERT INTO `T_TRADUCTION` (`ID_TRADUCTION`) VALUES ('20032');
INSERT INTO `T_TRADUCTION` (`ID_TRADUCTION`) VALUES ('20033');
INSERT INTO `T_TRADUCTION` (`ID_TRADUCTION`) VALUES ('20033');
INSERT INTO `T_TRADUCTION` (`ID_TRADUCTION`) VALUES ('20034');
INSERT INTO `T_TRADUCTION` (`ID_TRADUCTION`) VALUES ('20034');
INSERT INTO `T_TRADUCTION` (`ID_TRADUCTION`) VALUES ('20035');
INSERT INTO `T_TRADUCTION` (`ID_TRADUCTION`) VALUES ('20035');
INSERT INTO `T_TRADUCTION` (`ID_TRADUCTION`) VALUES ('20036');
INSERT INTO `T_TRADUCTION` (`ID_TRADUCTION`) VALUES ('20036');
INSERT INTO `T_TRADUCTION` (`ID_TRADUCTION`) VALUES ('20037');
INSERT INTO `T_TRADUCTION` (`ID_TRADUCTION`) VALUES ('20037');
INSERT INTO `T_TRADUCTION` (`ID_TRADUCTION`) VALUES ('20038');
INSERT INTO `T_TRADUCTION` (`ID_TRADUCTION`) VALUES ('20038');
INSERT INTO `T_TRADUCTION` (`ID_TRADUCTION`) VALUES ('20039');
INSERT INTO `T_TRADUCTION` (`ID_TRADUCTION`) VALUES ('20039');
INSERT INTO `T_TRADUCTION` (`ID_TRADUCTION`) VALUES ('20040');
INSERT INTO `T_TRADUCTION` (`ID_TRADUCTION`) VALUES ('20040');
INSERT INTO `T_TRADUCTION` (`ID_TRADUCTION`) VALUES ('20041');
INSERT INTO `T_TRADUCTION` (`ID_TRADUCTION`) VALUES ('20041');
INSERT INTO `T_TRADUCTION` (`ID_TRADUCTION`) VALUES ('20042');
INSERT INTO `T_TRADUCTION` (`ID_TRADUCTION`) VALUES ('20042');
INSERT INTO `T_TRADUCTION` (`ID_TRADUCTION`) VALUES ('20043');
INSERT INTO `T_TRADUCTION` (`ID_TRADUCTION`) VALUES ('20043');
INSERT INTO `T_TRADUCTION` (`ID_TRADUCTION`) VALUES ('20044');
INSERT INTO `T_TRADUCTION` (`ID_TRADUCTION`) VALUES ('20044');
INSERT INTO `T_TRADUCTION` (`ID_TRADUCTION`) VALUES ('20045');
INSERT INTO `T_TRADUCTION` (`ID_TRADUCTION`) VALUES ('20045');
INSERT INTO `T_TRADUCTION` (`ID_TRADUCTION`) VALUES ('20046');
INSERT INTO `T_TRADUCTION` (`ID_TRADUCTION`) VALUES ('20046');
INSERT INTO `T_TRADUCTION` (`ID_TRADUCTION`) VALUES ('20047');
INSERT INTO `T_TRADUCTION` (`ID_TRADUCTION`) VALUES ('20047');
INSERT INTO `T_TRADUCTION` (`ID_TRADUCTION`) VALUES ('20048');
INSERT INTO `T_TRADUCTION` (`ID_TRADUCTION`) VALUES ('20048');


INSERT INTO `T_TRADUCTION` (`ID_TRADUCTION`) VALUES ('20049');
INSERT INTO `T_TRADUCTION` (`ID_TRADUCTION`) VALUES ('20049');
INSERT INTO `T_TRADUCTION` (`ID_TRADUCTION`) VALUES ('20050');
INSERT INTO `T_TRADUCTION` (`ID_TRADUCTION`) VALUES ('20050');
INSERT INTO `T_TRADUCTION` (`ID_TRADUCTION`) VALUES ('20051');
INSERT INTO `T_TRADUCTION` (`ID_TRADUCTION`) VALUES ('20051');
INSERT INTO `T_TRADUCTION` (`ID_TRADUCTION`) VALUES ('20052');
INSERT INTO `T_TRADUCTION` (`ID_TRADUCTION`) VALUES ('20052');
INSERT INTO `T_TRADUCTION` (`ID_TRADUCTION`) VALUES ('20053');
INSERT INTO `T_TRADUCTION` (`ID_TRADUCTION`) VALUES ('20053');
INSERT INTO `T_TRADUCTION` (`ID_TRADUCTION`) VALUES ('20054');
INSERT INTO `T_TRADUCTION` (`ID_TRADUCTION`) VALUES ('20054');
INSERT INTO `T_TRADUCTION` (`ID_TRADUCTION`) VALUES ('20055');
INSERT INTO `T_TRADUCTION` (`ID_TRADUCTION`) VALUES ('20055');
INSERT INTO `T_TRADUCTION` (`ID_TRADUCTION`) VALUES ('20056');
INSERT INTO `T_TRADUCTION` (`ID_TRADUCTION`) VALUES ('20056');
INSERT INTO `T_TRADUCTION` (`ID_TRADUCTION`) VALUES ('20057');
INSERT INTO `T_TRADUCTION` (`ID_TRADUCTION`) VALUES ('20057');
INSERT INTO `T_TRADUCTION` (`ID_TRADUCTION`) VALUES ('20058');
INSERT INTO `T_TRADUCTION` (`ID_TRADUCTION`) VALUES ('20058');
INSERT INTO `T_TRADUCTION` (`ID_TRADUCTION`) VALUES ('20059');
INSERT INTO `T_TRADUCTION` (`ID_TRADUCTION`) VALUES ('20059');
INSERT INTO `T_TRADUCTION` (`ID_TRADUCTION`) VALUES ('20060');
INSERT INTO `T_TRADUCTION` (`ID_TRADUCTION`) VALUES ('20060');
INSERT INTO `T_TRADUCTION` (`ID_TRADUCTION`) VALUES ('20061');
INSERT INTO `T_TRADUCTION` (`ID_TRADUCTION`) VALUES ('20061');
INSERT INTO `T_TRADUCTION` (`ID_TRADUCTION`) VALUES ('20062');
INSERT INTO `T_TRADUCTION` (`ID_TRADUCTION`) VALUES ('20062');
INSERT INTO `T_TRADUCTION` (`ID_TRADUCTION`) VALUES ('20063');
INSERT INTO `T_TRADUCTION` (`ID_TRADUCTION`) VALUES ('20063');
INSERT INTO `T_TRADUCTION` (`ID_TRADUCTION`) VALUES ('20064');
INSERT INTO `T_TRADUCTION` (`ID_TRADUCTION`) VALUES ('20064');
INSERT INTO `T_TRADUCTION` (`ID_TRADUCTION`) VALUES ('20065');
INSERT INTO `T_TRADUCTION` (`ID_TRADUCTION`) VALUES ('20065');
INSERT INTO `T_TRADUCTION` (`ID_TRADUCTION`) VALUES ('20066');
INSERT INTO `T_TRADUCTION` (`ID_TRADUCTION`) VALUES ('20066');
INSERT INTO `T_TRADUCTION` (`ID_TRADUCTION`) VALUES ('20067');
INSERT INTO `T_TRADUCTION` (`ID_TRADUCTION`) VALUES ('20067');
INSERT INTO `T_TRADUCTION` (`ID_TRADUCTION`) VALUES ('20068');
INSERT INTO `T_TRADUCTION` (`ID_TRADUCTION`) VALUES ('20068');
-- INSERT INTO `t_traduction_libelle` (`ID_TRADUCTION`, `LANG`, `LIBELLE`) VALUES ('20069', 'fr', 'Tribunal de commerce de Casablanca');
-- INSERT INTO `t_traduction_libelle` (`ID_TRADUCTION`, `LANG`, `LIBELLE`) VALUES ('20069', 'ar', 'المحكمة التجارية بالدار البيضاء');
INSERT INTO `T_TRADUCTION` (`ID_TRADUCTION`) VALUES ('20070');
INSERT INTO `T_TRADUCTION` (`ID_TRADUCTION`) VALUES ('20070');
INSERT INTO `T_TRADUCTION` (`ID_TRADUCTION`) VALUES ('20071');
INSERT INTO `T_TRADUCTION` (`ID_TRADUCTION`) VALUES ('20071');
INSERT INTO `T_TRADUCTION` (`ID_TRADUCTION`) VALUES ('20072');
INSERT INTO `T_TRADUCTION` (`ID_TRADUCTION`) VALUES ('20072');
INSERT INTO `T_TRADUCTION` (`ID_TRADUCTION`) VALUES ('20073');
INSERT INTO `T_TRADUCTION` (`ID_TRADUCTION`) VALUES ('20073');
INSERT INTO `T_TRADUCTION` (`ID_TRADUCTION`) VALUES ('20074');
INSERT INTO `T_TRADUCTION` (`ID_TRADUCTION`) VALUES ('20074');
INSERT INTO `T_TRADUCTION` (`ID_TRADUCTION`) VALUES ('20075');
INSERT INTO `T_TRADUCTION` (`ID_TRADUCTION`) VALUES ('20075');
INSERT INTO `T_TRADUCTION` (`ID_TRADUCTION`) VALUES ('20076');
INSERT INTO `T_TRADUCTION` (`ID_TRADUCTION`) VALUES ('20076');
INSERT INTO `T_TRADUCTION` (`ID_TRADUCTION`) VALUES ('20077');
INSERT INTO `T_TRADUCTION` (`ID_TRADUCTION`) VALUES ('20077');
INSERT INTO `T_TRADUCTION` (`ID_TRADUCTION`) VALUES ('20078');
INSERT INTO `T_TRADUCTION` (`ID_TRADUCTION`) VALUES ('20078');
INSERT INTO `T_TRADUCTION` (`ID_TRADUCTION`) VALUES ('20079');
INSERT INTO `T_TRADUCTION` (`ID_TRADUCTION`) VALUES ('20079');
INSERT INTO `T_TRADUCTION` (`ID_TRADUCTION`) VALUES ('20080');
INSERT INTO `T_TRADUCTION` (`ID_TRADUCTION`) VALUES ('20080');
INSERT INTO `T_TRADUCTION` (`ID_TRADUCTION`) VALUES ('20081');
INSERT INTO `T_TRADUCTION` (`ID_TRADUCTION`) VALUES ('20081');
INSERT INTO `T_TRADUCTION` (`ID_TRADUCTION`) VALUES ('20082');
INSERT INTO `T_TRADUCTION` (`ID_TRADUCTION`) VALUES ('20082');
INSERT INTO `T_TRADUCTION` (`ID_TRADUCTION`) VALUES ('20083');
INSERT INTO `T_TRADUCTION` (`ID_TRADUCTION`) VALUES ('20083');
INSERT INTO `T_TRADUCTION` (`ID_TRADUCTION`) VALUES ('20084');
INSERT INTO `T_TRADUCTION` (`ID_TRADUCTION`) VALUES ('20084');
INSERT INTO `T_TRADUCTION` (`ID_TRADUCTION`) VALUES ('20085');
INSERT INTO `T_TRADUCTION` (`ID_TRADUCTION`) VALUES ('20085');
INSERT INTO `T_TRADUCTION` (`ID_TRADUCTION`) VALUES ('20086');
INSERT INTO `T_TRADUCTION` (`ID_TRADUCTION`) VALUES ('20086');
INSERT INTO `T_TRADUCTION` (`ID_TRADUCTION`) VALUES ('20087');
INSERT INTO `T_TRADUCTION` (`ID_TRADUCTION`) VALUES ('20087');
INSERT INTO `T_TRADUCTION` (`ID_TRADUCTION`) VALUES ('20088');
INSERT INTO `T_TRADUCTION` (`ID_TRADUCTION`) VALUES ('20088');
INSERT INTO `T_TRADUCTION` (`ID_TRADUCTION`) VALUES ('20089');
INSERT INTO `T_TRADUCTION` (`ID_TRADUCTION`) VALUES ('20089');
INSERT INTO `T_TRADUCTION` (`ID_TRADUCTION`) VALUES ('20090');
INSERT INTO `T_TRADUCTION` (`ID_TRADUCTION`) VALUES ('20090');
INSERT INTO `T_TRADUCTION` (`ID_TRADUCTION`) VALUES ('20091');
INSERT INTO `T_TRADUCTION` (`ID_TRADUCTION`) VALUES ('20091');
INSERT INTO `T_TRADUCTION` (`ID_TRADUCTION`) VALUES ('20092');
INSERT INTO `T_TRADUCTION` (`ID_TRADUCTION`) VALUES ('20092');
INSERT INTO `T_TRADUCTION` (`ID_TRADUCTION`) VALUES ('20093');
INSERT INTO `T_TRADUCTION` (`ID_TRADUCTION`) VALUES ('20093');
INSERT INTO `T_TRADUCTION` (`ID_TRADUCTION`) VALUES ('20094');
INSERT INTO `T_TRADUCTION` (`ID_TRADUCTION`) VALUES ('20094');
INSERT INTO `T_TRADUCTION` (`ID_TRADUCTION`) VALUES ('20095');
INSERT INTO `T_TRADUCTION` (`ID_TRADUCTION`) VALUES ('20095');
INSERT INTO `T_TRADUCTION` (`ID_TRADUCTION`) VALUES ('20096');
INSERT INTO `T_TRADUCTION` (`ID_TRADUCTION`) VALUES ('20096');
INSERT INTO `T_TRADUCTION` (`ID_TRADUCTION`) VALUES ('20097');
INSERT INTO `T_TRADUCTION` (`ID_TRADUCTION`) VALUES ('20097');
INSERT INTO `T_TRADUCTION` (`ID_TRADUCTION`) VALUES ('20098');
INSERT INTO `T_TRADUCTION` (`ID_TRADUCTION`) VALUES ('20098');
INSERT INTO `T_TRADUCTION` (`ID_TRADUCTION`) VALUES ('20099');
INSERT INTO `T_TRADUCTION` (`ID_TRADUCTION`) VALUES ('20099');
INSERT INTO `T_TRADUCTION` (`ID_TRADUCTION`) VALUES ('20100');
INSERT INTO `T_TRADUCTION` (`ID_TRADUCTION`) VALUES ('20100');
INSERT INTO `T_TRADUCTION` (`ID_TRADUCTION`) VALUES ('20101');
INSERT INTO `T_TRADUCTION` (`ID_TRADUCTION`) VALUES ('20101');
INSERT INTO `T_TRADUCTION` (`ID_TRADUCTION` )VALUES ('20102');
INSERT INTO `T_TRADUCTION` (`ID_TRADUCTION`) VALUES ('20102');
INSERT INTO `T_TRADUCTION` (`ID_TRADUCTION`) VALUES ('20103');
INSERT INTO `T_TRADUCTION` (`ID_TRADUCTION`) VALUES ('20103');
INSERT INTO `T_TRADUCTION` (`ID_TRADUCTION`) VALUES ('20104');
INSERT INTO `T_TRADUCTION` (`ID_TRADUCTION`) VALUES ('20104');
INSERT INTO `T_TRADUCTION` (`ID_TRADUCTION`) VALUES ('20105');
INSERT INTO `T_TRADUCTION` (`ID_TRADUCTION`) VALUES ('20105');
INSERT INTO `T_TRADUCTION` (`ID_TRADUCTION`) VALUES ('20106');
INSERT INTO `T_TRADUCTION` (`ID_TRADUCTION`) VALUES ('20106');
INSERT INTO `T_TRADUCTION` (`ID_TRADUCTION`) VALUES ('20107');
INSERT INTO `T_TRADUCTION` (`ID_TRADUCTION`) VALUES ('20107');
INSERT INTO `T_TRADUCTION` (`ID_TRADUCTION`) VALUES ('20108');
INSERT INTO `T_TRADUCTION` (`ID_TRADUCTION`) VALUES ('20108');
INSERT INTO `T_TRADUCTION` (`ID_TRADUCTION`) VALUES ('20109');
INSERT INTO `T_TRADUCTION` (`ID_TRADUCTION`) VALUES ('20109');
INSERT INTO `T_TRADUCTION` (`ID_TRADUCTION`) VALUES ('20110');
INSERT INTO `T_TRADUCTION` (`ID_TRADUCTION`) VALUES ('20110');
INSERT INTO `T_TRADUCTION` (`ID_TRADUCTION`) VALUES ('20111');
INSERT INTO `T_TRADUCTION` (`ID_TRADUCTION`) VALUES ('20111');
INSERT INTO `T_TRADUCTION` (`ID_TRADUCTION`) VALUES ('20112');
INSERT INTO `T_TRADUCTION` (`ID_TRADUCTION`) VALUES ('20112');
INSERT INTO `T_TRADUCTION` (`ID_TRADUCTION`) VALUES ('20113');
INSERT INTO `T_TRADUCTION` (`ID_TRADUCTION`) VALUES ('20113');
INSERT INTO `T_TRADUCTION` (`ID_TRADUCTION`) VALUES ('20114');
INSERT INTO `T_TRADUCTION` (`ID_TRADUCTION`) VALUES ('20114');
INSERT INTO `T_TRADUCTION` (`ID_TRADUCTION`) VALUES ('20115');
INSERT INTO `T_TRADUCTION` (`ID_TRADUCTION`) VALUES ('20115');
INSERT INTO `T_TRADUCTION` (`ID_TRADUCTION`) VALUES ('20116');
INSERT INTO `T_TRADUCTION` (`ID_TRADUCTION`) VALUES ('20116');
INSERT INTO `T_TRADUCTION` (`ID_TRADUCTION`) VALUES ('20117');
INSERT INTO `T_TRADUCTION` (`ID_TRADUCTION`) VALUES ('20117');
INSERT INTO `T_TRADUCTION` (`ID_TRADUCTION`) VALUES ('20118');
INSERT INTO `T_TRADUCTION` (`ID_TRADUCTION`) VALUES ('20118');
INSERT INTO `T_TRADUCTION` (`ID_TRADUCTION`) VALUES ('20119');
INSERT INTO `T_TRADUCTION` (`ID_TRADUCTION`) VALUES ('20119');
INSERT INTO `T_TRADUCTION` (`ID_TRADUCTION`) VALUES ('20120');
INSERT INTO `T_TRADUCTION` (`ID_TRADUCTION`) VALUES ('20120');
INSERT INTO `T_TRADUCTION` (`ID_TRADUCTION`) VALUES ('20121');
INSERT INTO `T_TRADUCTION` (`ID_TRADUCTION`) VALUES ('20121');
INSERT INTO `T_TRADUCTION` (`ID_TRADUCTION`) VALUES ('20122');
INSERT INTO `T_TRADUCTION` (`ID_TRADUCTION`) VALUES ('20122');
INSERT INTO `T_TRADUCTION` (`ID_TRADUCTION`) VALUES ('20123');
INSERT INTO `T_TRADUCTION` (`ID_TRADUCTION`) VALUES ('20123');
INSERT INTO `T_TRADUCTION` (`ID_TRADUCTION`) VALUES ('20124');
INSERT INTO `T_TRADUCTION` (`ID_TRADUCTION`) VALUES ('20124');
INSERT INTO `T_TRADUCTION` (`ID_TRADUCTION`) VALUES ('20125');
INSERT INTO `T_TRADUCTION` (`ID_TRADUCTION`) VALUES ('20125');
INSERT INTO `T_TRADUCTION` (`ID_TRADUCTION`) VALUES ('20126');
INSERT INTO `T_TRADUCTION` (`ID_TRADUCTION`) VALUES ('20126');
INSERT INTO `T_TRADUCTION` (`ID_TRADUCTION`) VALUES ('20127');
INSERT INTO `T_TRADUCTION` (`ID_TRADUCTION`) VALUES ('20127');
INSERT INTO `T_TRADUCTION` (`ID_TRADUCTION`) VALUES ('20128');
INSERT INTO `T_TRADUCTION` (`ID_TRADUCTION`) VALUES ('20128');
INSERT INTO `T_TRADUCTION` (`ID_TRADUCTION`) VALUES ('20129');
INSERT INTO `T_TRADUCTION` (`ID_TRADUCTION`) VALUES ('20129');
INSERT INTO `T_TRADUCTION` (`ID_TRADUCTION`) VALUES ('20130');
INSERT INTO `T_TRADUCTION` (`ID_TRADUCTION`) VALUES ('20130');
INSERT INTO `T_TRADUCTION` (`ID_TRADUCTION`) VALUES ('20131');
INSERT INTO `T_TRADUCTION` (`ID_TRADUCTION`) VALUES ('20131');
INSERT INTO `T_TRADUCTION` (`ID_TRADUCTION`) VALUES ('20132');
INSERT INTO `T_TRADUCTION` (`ID_TRADUCTION`) VALUES ('20132');
INSERT INTO `T_TRADUCTION` (`ID_TRADUCTION`) VALUES ('20133');
INSERT INTO `T_TRADUCTION` (`ID_TRADUCTION`) VALUES ('20133');
INSERT INTO `T_TRADUCTION` (`ID_TRADUCTION`) VALUES ('20134');
INSERT INTO `T_TRADUCTION` (`ID_TRADUCTION`) VALUES ('20134');
INSERT INTO `T_TRADUCTION` (`ID_TRADUCTION`) VALUES ('20135');
INSERT INTO `T_TRADUCTION` (`ID_TRADUCTION`) VALUES ('20135');
INSERT INTO `T_TRADUCTION` (`ID_TRADUCTION`) VALUES ('20136');
INSERT INTO `T_TRADUCTION` (`ID_TRADUCTION`) VALUES ('20136');
INSERT INTO `T_TRADUCTION` (`ID_TRADUCTION`) VALUES ('20137');
INSERT INTO `T_TRADUCTION` (`ID_TRADUCTION`) VALUES ('20137');
INSERT INTO `T_TRADUCTION` (`ID_TRADUCTION`) VALUES ('20138');
INSERT INTO `T_TRADUCTION` (`ID_TRADUCTION`) VALUES ('20138');
INSERT INTO `T_TRADUCTION` (`ID_TRADUCTION`) VALUES ('20139');
INSERT INTO `T_TRADUCTION` (`ID_TRADUCTION`) VALUES ('20139');
INSERT INTO `T_TRADUCTION` (`ID_TRADUCTION`) VALUES ('20140');
INSERT INTO `T_TRADUCTION` (`ID_TRADUCTION`) VALUES ('20140');
INSERT INTO `T_TRADUCTION` (`ID_TRADUCTION`) VALUES ('20141');
INSERT INTO `T_TRADUCTION` (`ID_TRADUCTION`) VALUES ('20141');
INSERT INTO `T_TRADUCTION` (`ID_TRADUCTION`) VALUES ('20142');
INSERT INTO `T_TRADUCTION` (`ID_TRADUCTION`) VALUES ('20142');
INSERT INTO `T_TRADUCTION` (`ID_TRADUCTION`) VALUES ('20143');
INSERT INTO `T_TRADUCTION` (`ID_TRADUCTION`) VALUES ('20143');
INSERT INTO `T_TRADUCTION` (`ID_TRADUCTION`) VALUES ('20144');
INSERT INTO `T_TRADUCTION` (`ID_TRADUCTION`) VALUES ('20144');
INSERT INTO `T_TRADUCTION` (`ID_TRADUCTION`) VALUES ('20145');
INSERT INTO `T_TRADUCTION` (`ID_TRADUCTION`) VALUES ('20145');
INSERT INTO `T_TRADUCTION` (`ID_TRADUCTION`) VALUES ('20146');
INSERT INTO `T_TRADUCTION` (`ID_TRADUCTION`) VALUES ('20146');
INSERT INTO `T_TRADUCTION` (`ID_TRADUCTION`) VALUES ('20147');
INSERT INTO `T_TRADUCTION` (`ID_TRADUCTION`) VALUES ('20147');
INSERT INTO `T_TRADUCTION` (`ID_TRADUCTION`) VALUES ('20148');
INSERT INTO `T_TRADUCTION` (`ID_TRADUCTION`) VALUES ('20148');
INSERT INTO `T_TRADUCTION` (`ID_TRADUCTION`) VALUES ('20149');
INSERT INTO `T_TRADUCTION` (`ID_TRADUCTION`) VALUES ('20149');
INSERT INTO `T_TRADUCTION` (`ID_TRADUCTION`) VALUES ('20150');
INSERT INTO `T_TRADUCTION` (`ID_TRADUCTION`) VALUES ('20150');
INSERT INTO `T_TRADUCTION` (`ID_TRADUCTION`) VALUES ('20151');
INSERT INTO `T_TRADUCTION` (`ID_TRADUCTION`) VALUES ('20151');
INSERT INTO `T_TRADUCTION` (`ID_TRADUCTION`) VALUES ('20152');
INSERT INTO `T_TRADUCTION` (`ID_TRADUCTION`) VALUES ('20152');
INSERT INTO `T_TRADUCTION` (`ID_TRADUCTION`) VALUES ('20153');
INSERT INTO `T_TRADUCTION` (`ID_TRADUCTION`) VALUES ('20153');
INSERT INTO `T_TRADUCTION` (`ID_TRADUCTION`) VALUES ('20154');
INSERT INTO `T_TRADUCTION` (`ID_TRADUCTION`) VALUES ('20154');
INSERT INTO `T_TRADUCTION` (`ID_TRADUCTION`) VALUES ('20155');
INSERT INTO `T_TRADUCTION` (`ID_TRADUCTION`) VALUES ('20155');
INSERT INTO `T_TRADUCTION` (`ID_TRADUCTION`) VALUES ('20156');
INSERT INTO `T_TRADUCTION` (`ID_TRADUCTION`) VALUES ('20156');
INSERT INTO `T_TRADUCTION` (`ID_TRADUCTION`) VALUES ('20157');
INSERT INTO `T_TRADUCTION` (`ID_TRADUCTION`) VALUES ('20157');
INSERT INTO `T_TRADUCTION` (`ID_TRADUCTION`) VALUES ('20158');
INSERT INTO `T_TRADUCTION` (`ID_TRADUCTION`) VALUES ('20158');
INSERT INTO `T_TRADUCTION` (`ID_TRADUCTION`) VALUES ('20159');
INSERT INTO `T_TRADUCTION` (`ID_TRADUCTION`) VALUES ('20159');
INSERT INTO `T_TRADUCTION` (`ID_TRADUCTION`) VALUES ('20160');
INSERT INTO `T_TRADUCTION` (`ID_TRADUCTION`) VALUES ('20160');
INSERT INTO `T_TRADUCTION` (`ID_TRADUCTION`) VALUES ('20161');
INSERT INTO `T_TRADUCTION` (`ID_TRADUCTION`) VALUES ('20161');
INSERT INTO `T_TRADUCTION` (`ID_TRADUCTION`) VALUES ('20162');
INSERT INTO `T_TRADUCTION` (`ID_TRADUCTION`) VALUES ('20162');
INSERT INTO `T_TRADUCTION` (`ID_TRADUCTION`) VALUES ('20163');
INSERT INTO `T_TRADUCTION` (`ID_TRADUCTION`) VALUES ('20163');
INSERT INTO `T_TRADUCTION` (`ID_TRADUCTION`) VALUES ('20164');
INSERT INTO `T_TRADUCTION` (`ID_TRADUCTION`) VALUES ('20164');
INSERT INTO `T_TRADUCTION` (`ID_TRADUCTION`) VALUES ('20165');
INSERT INTO `T_TRADUCTION` (`ID_TRADUCTION`) VALUES ('20165');


INSERT INTO `T_ENTITE` (`ID_ENTITE`, `ID_ENTITE_PARENT`, `CODE_LIBELLE`, `NIVEAU`) VALUES (20000, NULL, '20000', '1');
INSERT INTO `T_ENTITE` (`ID_ENTITE`, `ID_ENTITE_PARENT`, `CODE_LIBELLE`, `NIVEAU`) VALUES (20001, NULL, '20001', '1');
INSERT INTO `T_ENTITE` (`ID_ENTITE`, `ID_ENTITE_PARENT`, `CODE_LIBELLE`, `NIVEAU`) VALUES (20002, NULL, '20002', '1');
INSERT INTO `T_ENTITE` (`ID_ENTITE`, `ID_ENTITE_PARENT`, `CODE_LIBELLE`, `NIVEAU`) VALUES (20003, NULL, '20003', '1');
INSERT INTO `T_ENTITE` (`ID_ENTITE`, `ID_ENTITE_PARENT`, `CODE_LIBELLE`, `NIVEAU`) VALUES (20004, NULL, '20004', '1');
INSERT INTO `T_ENTITE` (`ID_ENTITE`, `ID_ENTITE_PARENT`, `CODE_LIBELLE`, `NIVEAU`) VALUES (20005, NULL, '20005', '1');
INSERT INTO `T_ENTITE` (`ID_ENTITE`, `ID_ENTITE_PARENT`, `CODE_LIBELLE`, `NIVEAU`) VALUES (20006, NULL, '20006', '1');
INSERT INTO `T_ENTITE` (`ID_ENTITE`, `ID_ENTITE_PARENT`, `CODE_LIBELLE`, `NIVEAU`) VALUES (20007, NULL, '20007', '1');
INSERT INTO `T_ENTITE` (`ID_ENTITE`, `ID_ENTITE_PARENT`, `CODE_LIBELLE`, `NIVEAU`) VALUES (20008, NULL, '20008', '1');
INSERT INTO `T_ENTITE` (`ID_ENTITE`, `ID_ENTITE_PARENT`, `CODE_LIBELLE`, `NIVEAU`) VALUES (20009, NULL, '20009', '1');
INSERT INTO `T_ENTITE` (`ID_ENTITE`, `ID_ENTITE_PARENT`, `CODE_LIBELLE`, `NIVEAU`) VALUES (20010, NULL, '20010', '1');
INSERT INTO `T_ENTITE` (`ID_ENTITE`, `ID_ENTITE_PARENT`, `CODE_LIBELLE`, `NIVEAU`) VALUES (20011, NULL, '20011', '1');
INSERT INTO `T_ENTITE` (`ID_ENTITE`, `ID_ENTITE_PARENT`, `CODE_LIBELLE`, `NIVEAU`) VALUES (20012, NULL, '20012', '1');
INSERT INTO `T_ENTITE` (`ID_ENTITE`, `ID_ENTITE_PARENT`, `CODE_LIBELLE`, `NIVEAU`) VALUES (20013, NULL, '20013', '1');
INSERT INTO `T_ENTITE` (`ID_ENTITE`, `ID_ENTITE_PARENT`, `CODE_LIBELLE`, `NIVEAU`) VALUES (20014, NULL, '20014', '1');
INSERT INTO `T_ENTITE` (`ID_ENTITE`, `ID_ENTITE_PARENT`, `CODE_LIBELLE`, `NIVEAU`) VALUES (20015, NULL, '20015', '1');
INSERT INTO `T_ENTITE` (`ID_ENTITE`, `ID_ENTITE_PARENT`, `CODE_LIBELLE`, `NIVEAU`) VALUES (20016, NULL, '20016', '1');
INSERT INTO `T_ENTITE` (`ID_ENTITE`, `ID_ENTITE_PARENT`, `CODE_LIBELLE`, `NIVEAU`) VALUES (20017, NULL, '20017', '1');
INSERT INTO `T_ENTITE` (`ID_ENTITE`, `ID_ENTITE_PARENT`, `CODE_LIBELLE`, `NIVEAU`) VALUES (20018, NULL, '20018', '1');
INSERT INTO `T_ENTITE` (`ID_ENTITE`, `ID_ENTITE_PARENT`, `CODE_LIBELLE`, `NIVEAU`) VALUES (20019, NULL, '20019', '1');
INSERT INTO `T_ENTITE` (`ID_ENTITE`, `ID_ENTITE_PARENT`, `CODE_LIBELLE`, `NIVEAU`) VALUES (20020, NULL, '20020', '1');
INSERT INTO `T_ENTITE` (`ID_ENTITE`, `ID_ENTITE_PARENT`, `CODE_LIBELLE`, `NIVEAU`) VALUES (20021, NULL, '20021', '1');

INSERT INTO `T_ENTITE` (`ID_ENTITE`, `ID_ENTITE_PARENT`, `CODE_LIBELLE`, `NIVEAU`) VALUES (20022, '20000', '20022', '2');
INSERT INTO `T_ENTITE` (`ID_ENTITE`, `ID_ENTITE_PARENT`, `CODE_LIBELLE`, `NIVEAU`) VALUES (20023, '20000','20023', '2');
INSERT INTO `T_ENTITE` (`ID_ENTITE`, `ID_ENTITE_PARENT`, `CODE_LIBELLE`, `NIVEAU`) VALUES (20024, '20001', '20024', '2');
INSERT INTO `T_ENTITE` (`ID_ENTITE`, `ID_ENTITE_PARENT`, `CODE_LIBELLE`, `NIVEAU`) VALUES (20025, '20001', '20025', '2');
INSERT INTO `T_ENTITE` (`ID_ENTITE`, `ID_ENTITE_PARENT`, `CODE_LIBELLE`, `NIVEAU`) VALUES (20026, '20002', '20026', '2');
INSERT INTO `T_ENTITE` (`ID_ENTITE`, `ID_ENTITE_PARENT`, `CODE_LIBELLE`, `NIVEAU`) VALUES (20027, '20003', '20027', '2');
INSERT INTO `T_ENTITE` (`ID_ENTITE`, `ID_ENTITE_PARENT`, `CODE_LIBELLE`, `NIVEAU`) VALUES (20028, '20004', '20028', '2');
INSERT INTO `T_ENTITE` (`ID_ENTITE`, `ID_ENTITE_PARENT`, `CODE_LIBELLE`, `NIVEAU`) VALUES (20029, '20005', '20029', '2');
INSERT INTO `T_ENTITE` (`ID_ENTITE`, `ID_ENTITE_PARENT`, `CODE_LIBELLE`, `NIVEAU`) VALUES (20030, '20006', '20030', '2');
INSERT INTO `T_ENTITE` (`ID_ENTITE`, `ID_ENTITE_PARENT`, `CODE_LIBELLE`, `NIVEAU`) VALUES (20031, '20007', '20031', '2');
INSERT INTO `T_ENTITE` (`ID_ENTITE`, `ID_ENTITE_PARENT`, `CODE_LIBELLE`, `NIVEAU`) VALUES (20032, '20008', '20032', '2');
INSERT INTO `T_ENTITE` (`ID_ENTITE`, `ID_ENTITE_PARENT`, `CODE_LIBELLE`, `NIVEAU`) VALUES (20033, '20008', '20033', '2');
INSERT INTO `T_ENTITE` (`ID_ENTITE`, `ID_ENTITE_PARENT`, `CODE_LIBELLE`, `NIVEAU`) VALUES (20034, '20008', '20034', '2');
INSERT INTO `T_ENTITE` (`ID_ENTITE`, `ID_ENTITE_PARENT`, `CODE_LIBELLE`, `NIVEAU`) VALUES (20035, '20009', '20035', '2');
INSERT INTO `T_ENTITE` (`ID_ENTITE`, `ID_ENTITE_PARENT`, `CODE_LIBELLE`, `NIVEAU`) VALUES (20036, '20010', '20036', '2');
INSERT INTO `T_ENTITE` (`ID_ENTITE`, `ID_ENTITE_PARENT`, `CODE_LIBELLE`, `NIVEAU`) VALUES (20037, '20011', '20037', '2');
INSERT INTO `T_ENTITE` (`ID_ENTITE`, `ID_ENTITE_PARENT`, `CODE_LIBELLE`, `NIVEAU`) VALUES (20038, '20012', '20038', '2');
INSERT INTO `T_ENTITE` (`ID_ENTITE`, `ID_ENTITE_PARENT`, `CODE_LIBELLE`, `NIVEAU`) VALUES (20039, '20013', '20039', '2');
INSERT INTO `T_ENTITE` (`ID_ENTITE`, `ID_ENTITE_PARENT`, `CODE_LIBELLE`, `NIVEAU`) VALUES (20040, '20014', '20040', '2');
INSERT INTO `T_ENTITE` (`ID_ENTITE`, `ID_ENTITE_PARENT`, `CODE_LIBELLE`, `NIVEAU`) VALUES (20041, '20015', '20041', '2');
INSERT INTO `T_ENTITE` (`ID_ENTITE`, `ID_ENTITE_PARENT`, `CODE_LIBELLE`, `NIVEAU`) VALUES (20042, '20016', '20042', '2');
INSERT INTO `T_ENTITE` (`ID_ENTITE`, `ID_ENTITE_PARENT`, `CODE_LIBELLE`, `NIVEAU`) VALUES (20043, '20017', '20043', '2');
INSERT INTO `T_ENTITE` (`ID_ENTITE`, `ID_ENTITE_PARENT`, `CODE_LIBELLE`, `NIVEAU`) VALUES (20044, '20018', '20044', '2');
INSERT INTO `T_ENTITE` (`ID_ENTITE`, `ID_ENTITE_PARENT`, `CODE_LIBELLE`, `NIVEAU`) VALUES (20045, '20019', '20045', '2');
INSERT INTO `T_ENTITE` (`ID_ENTITE`, `ID_ENTITE_PARENT`, `CODE_LIBELLE`, `NIVEAU`) VALUES (20046, '20020', '20046', '2');
INSERT INTO `T_ENTITE` (`ID_ENTITE`, `ID_ENTITE_PARENT`, `CODE_LIBELLE`, `NIVEAU`) VALUES (20047, '20020', '20047', '2');
INSERT INTO `T_ENTITE` (`ID_ENTITE`, `ID_ENTITE_PARENT`, `CODE_LIBELLE`, `NIVEAU`) VALUES (20048, '20021', '20048', '2');


INSERT INTO `T_ENTITE` (`ID_ENTITE`, `ID_ENTITE_PARENT`, `CODE_LIBELLE`, `NIVEAU`) VALUES (20049, '20022', '20049', '3');
INSERT INTO `T_ENTITE` (`ID_ENTITE`, `ID_ENTITE_PARENT`, `CODE_LIBELLE`, `NIVEAU`) VALUES (20050, '20022', '20050', '3');
INSERT INTO `T_ENTITE` (`ID_ENTITE`, `ID_ENTITE_PARENT`, `CODE_LIBELLE`, `NIVEAU`) VALUES (20051, '20022', '20051', '3');
INSERT INTO `T_ENTITE` (`ID_ENTITE`, `ID_ENTITE_PARENT`, `CODE_LIBELLE`, `NIVEAU`) VALUES (20052, '20022', '20052', '3');
INSERT INTO `T_ENTITE` (`ID_ENTITE`, `ID_ENTITE_PARENT`, `CODE_LIBELLE`, `NIVEAU`) VALUES (20053, '20022', '20053', '3');
INSERT INTO `T_ENTITE` (`ID_ENTITE`, `ID_ENTITE_PARENT`, `CODE_LIBELLE`, `NIVEAU`) VALUES (20054, '20022', '20054', '3');
INSERT INTO `T_ENTITE` (`ID_ENTITE`, `ID_ENTITE_PARENT`, `CODE_LIBELLE`, `NIVEAU`) VALUES (20055, '20022', '20055', '3');
INSERT INTO `T_ENTITE` (`ID_ENTITE`, `ID_ENTITE_PARENT`, `CODE_LIBELLE`, `NIVEAU`) VALUES (20056, '20023', '20056', '3');
INSERT INTO `T_ENTITE` (`ID_ENTITE`, `ID_ENTITE_PARENT`, `CODE_LIBELLE`, `NIVEAU`) VALUES (20057, '20023', '20057', '3');
INSERT INTO `T_ENTITE` (`ID_ENTITE`, `ID_ENTITE_PARENT`, `CODE_LIBELLE`, `NIVEAU`) VALUES (20058, '20023', '20058', '3');
INSERT INTO `T_ENTITE` (`ID_ENTITE`, `ID_ENTITE_PARENT`, `CODE_LIBELLE`, `NIVEAU`) VALUES (20059, '20023', '20059', '3');
INSERT INTO `T_ENTITE` (`ID_ENTITE`, `ID_ENTITE_PARENT`, `CODE_LIBELLE`, `NIVEAU`) VALUES (20060, '20023', '20060', '3');
INSERT INTO `T_ENTITE` (`ID_ENTITE`, `ID_ENTITE_PARENT`, `CODE_LIBELLE`, `NIVEAU`) VALUES (20061, '20023', '20061', '3');
INSERT INTO `T_ENTITE` (`ID_ENTITE`, `ID_ENTITE_PARENT`, `CODE_LIBELLE`, `NIVEAU`) VALUES (20062, '20024', '20062', '3');
INSERT INTO `T_ENTITE` (`ID_ENTITE`, `ID_ENTITE_PARENT`, `CODE_LIBELLE`, `NIVEAU`) VALUES (20063, '20024', '20063', '3');
INSERT INTO `T_ENTITE` (`ID_ENTITE`, `ID_ENTITE_PARENT`, `CODE_LIBELLE`, `NIVEAU`) VALUES (20064, '20024', '20064', '3');
INSERT INTO `T_ENTITE` (`ID_ENTITE`, `ID_ENTITE_PARENT`, `CODE_LIBELLE`, `NIVEAU`) VALUES (20065, '20024', '20065', '3');
INSERT INTO `T_ENTITE` (`ID_ENTITE`, `ID_ENTITE_PARENT`, `CODE_LIBELLE`, `NIVEAU`) VALUES (20066, '20024', '20066', '3');
INSERT INTO `T_ENTITE` (`ID_ENTITE`, `ID_ENTITE_PARENT`, `CODE_LIBELLE`, `NIVEAU`) VALUES (20067, '20024', '20067', '3');
INSERT INTO `T_ENTITE` (`ID_ENTITE`, `ID_ENTITE_PARENT`, `CODE_LIBELLE`, `NIVEAU`) VALUES (20068, '20025', '20068', '3');
-- INSERT INTO `t_entite` (`ID_ENTITE`, `ID_ENTITE_PARENT`, `CODE_LIBELLE`, `NIVEAU`) VALUES (20069, '20025', '20069', '3');
INSERT INTO `T_ENTITE` (`ID_ENTITE`, `ID_ENTITE_PARENT`, `CODE_LIBELLE`, `NIVEAU`) VALUES (20070, '20025', '20070', '3');
INSERT INTO `T_ENTITE` (`ID_ENTITE`, `ID_ENTITE_PARENT`, `CODE_LIBELLE`, `NIVEAU`) VALUES (20071, '20026', '20071', '3');
INSERT INTO `T_ENTITE` (`ID_ENTITE`, `ID_ENTITE_PARENT`, `CODE_LIBELLE`, `NIVEAU`) VALUES (20072, '20026', '20072', '3');
INSERT INTO `T_ENTITE` (`ID_ENTITE`, `ID_ENTITE_PARENT`, `CODE_LIBELLE`, `NIVEAU`) VALUES (20073, '20026', '20073', '3');
INSERT INTO `T_ENTITE` (`ID_ENTITE`, `ID_ENTITE_PARENT`, `CODE_LIBELLE`, `NIVEAU`) VALUES (20074, '20026', '20074', '3');
INSERT INTO `T_ENTITE` (`ID_ENTITE`, `ID_ENTITE_PARENT`, `CODE_LIBELLE`, `NIVEAU`) VALUES (20075, '20027', '20075', '3');
INSERT INTO `T_ENTITE` (`ID_ENTITE`, `ID_ENTITE_PARENT`, `CODE_LIBELLE`, `NIVEAU`) VALUES (20076, '20027', '20076', '3');
INSERT INTO `T_ENTITE` (`ID_ENTITE`, `ID_ENTITE_PARENT`, `CODE_LIBELLE`, `NIVEAU`) VALUES (20077, '20027', '20077', '3');
INSERT INTO `T_ENTITE` (`ID_ENTITE`, `ID_ENTITE_PARENT`, `CODE_LIBELLE`, `NIVEAU`) VALUES (20078, '20027', '20078', '3');
INSERT INTO `T_ENTITE` (`ID_ENTITE`, `ID_ENTITE_PARENT`, `CODE_LIBELLE`, `NIVEAU`) VALUES (20079, '20028', '20079', '3');
INSERT INTO `T_ENTITE` (`ID_ENTITE`, `ID_ENTITE_PARENT`, `CODE_LIBELLE`, `NIVEAU`) VALUES (20080, '20028', '20080', '3');
INSERT INTO `T_ENTITE` (`ID_ENTITE`, `ID_ENTITE_PARENT`, `CODE_LIBELLE`, `NIVEAU`) VALUES (20081, '20028', '20081', '3');
INSERT INTO `T_ENTITE` (`ID_ENTITE`, `ID_ENTITE_PARENT`, `CODE_LIBELLE`, `NIVEAU`) VALUES (20082, '20028', '20082', '3');
INSERT INTO `T_ENTITE` (`ID_ENTITE`, `ID_ENTITE_PARENT`, `CODE_LIBELLE`, `NIVEAU`) VALUES (20083, '20028', '20083', '3');
INSERT INTO `T_ENTITE` (`ID_ENTITE`, `ID_ENTITE_PARENT`, `CODE_LIBELLE`, `NIVEAU`) VALUES (20084, '20028', '20084', '3');
INSERT INTO `T_ENTITE` (`ID_ENTITE`, `ID_ENTITE_PARENT`, `CODE_LIBELLE`, `NIVEAU`) VALUES (20085, '20029', '20085', '3');
INSERT INTO `T_ENTITE` (`ID_ENTITE`, `ID_ENTITE_PARENT`, `CODE_LIBELLE`, `NIVEAU`) VALUES (20086, '20029', '20086', '3');
INSERT INTO `T_ENTITE` (`ID_ENTITE`, `ID_ENTITE_PARENT`, `CODE_LIBELLE`, `NIVEAU`) VALUES (20087, '20029', '20087', '3');
INSERT INTO `T_ENTITE` (`ID_ENTITE`, `ID_ENTITE_PARENT`, `CODE_LIBELLE`, `NIVEAU`) VALUES (20088, '20029', '20088', '3');
INSERT INTO `T_ENTITE` (`ID_ENTITE`, `ID_ENTITE_PARENT`, `CODE_LIBELLE`, `NIVEAU`) VALUES (20089, '20029', '20089', '3');
INSERT INTO `T_ENTITE` (`ID_ENTITE`, `ID_ENTITE_PARENT`, `CODE_LIBELLE`, `NIVEAU`) VALUES (20090, '20029', '20090', '3');
INSERT INTO `T_ENTITE` (`ID_ENTITE`, `ID_ENTITE_PARENT`, `CODE_LIBELLE`, `NIVEAU`) VALUES (20091, '20030', '20091', '3');
INSERT INTO `T_ENTITE` (`ID_ENTITE`, `ID_ENTITE_PARENT`, `CODE_LIBELLE`, `NIVEAU`) VALUES (20092, '20030', '20092', '3');
INSERT INTO `T_ENTITE` (`ID_ENTITE`, `ID_ENTITE_PARENT`, `CODE_LIBELLE`, `NIVEAU`) VALUES (20093, '20030', '20093', '3');
INSERT INTO `T_ENTITE` (`ID_ENTITE`, `ID_ENTITE_PARENT`, `CODE_LIBELLE`, `NIVEAU`) VALUES (20094, '20030', '20094', '3');
INSERT INTO `T_ENTITE` (`ID_ENTITE`, `ID_ENTITE_PARENT`, `CODE_LIBELLE`, `NIVEAU`) VALUES (20095, '20031', '20095', '3');
INSERT INTO `T_ENTITE` (`ID_ENTITE`, `ID_ENTITE_PARENT`, `CODE_LIBELLE`, `NIVEAU`) VALUES (20096, '20031', '20096', '3');
INSERT INTO `T_ENTITE` (`ID_ENTITE`, `ID_ENTITE_PARENT`, `CODE_LIBELLE`, `NIVEAU`) VALUES (20097, '20031', '20097', '3');
INSERT INTO `T_ENTITE` (`ID_ENTITE`, `ID_ENTITE_PARENT`, `CODE_LIBELLE`, `NIVEAU`) VALUES (20098, '20031', '20098', '3');
INSERT INTO `T_ENTITE` (`ID_ENTITE`, `ID_ENTITE_PARENT`, `CODE_LIBELLE`, `NIVEAU`) VALUES (20099, '20032', '20099', '3');
INSERT INTO `T_ENTITE` (`ID_ENTITE`, `ID_ENTITE_PARENT`, `CODE_LIBELLE`, `NIVEAU`) VALUES (20100, '20032', '20100', '3');
INSERT INTO `T_ENTITE` (`ID_ENTITE`, `ID_ENTITE_PARENT`, `CODE_LIBELLE`, `NIVEAU`) VALUES (20101, '20032', '20101', '3');
INSERT INTO `T_ENTITE` (`ID_ENTITE`, `ID_ENTITE_PARENT`, `CODE_LIBELLE`, `NIVEAU`) VALUES (20102, '20032', '20102', '3');
INSERT INTO `T_ENTITE` (`ID_ENTITE`, `ID_ENTITE_PARENT`, `CODE_LIBELLE`, `NIVEAU`) VALUES (20103, '20032', '20103', '3');
INSERT INTO `T_ENTITE` (`ID_ENTITE`, `ID_ENTITE_PARENT`, `CODE_LIBELLE`, `NIVEAU`) VALUES (20104, '20033', '20104', '3');
INSERT INTO `T_ENTITE` (`ID_ENTITE`, `ID_ENTITE_PARENT`, `CODE_LIBELLE`, `NIVEAU`) VALUES (20105, '20033', '20105', '3');
INSERT INTO `T_ENTITE` (`ID_ENTITE`, `ID_ENTITE_PARENT`, `CODE_LIBELLE`, `NIVEAU`) VALUES (20106, '20033', '20106', '3');
INSERT INTO `T_ENTITE` (`ID_ENTITE`, `ID_ENTITE_PARENT`, `CODE_LIBELLE`, `NIVEAU`) VALUES (20107, '20034', '20107', '3');
INSERT INTO `T_ENTITE` (`ID_ENTITE`, `ID_ENTITE_PARENT`, `CODE_LIBELLE`, `NIVEAU`) VALUES (20108, '20034', '20108', '3');
INSERT INTO `T_ENTITE` (`ID_ENTITE`, `ID_ENTITE_PARENT`, `CODE_LIBELLE`, `NIVEAU`) VALUES (20109, '20034', '20109', '3');
INSERT INTO `T_ENTITE` (`ID_ENTITE`, `ID_ENTITE_PARENT`, `CODE_LIBELLE`, `NIVEAU`) VALUES (20110, '20035', '20110', '3');
INSERT INTO `T_ENTITE` (`ID_ENTITE`, `ID_ENTITE_PARENT`, `CODE_LIBELLE`, `NIVEAU`) VALUES (20111, '20035', '20111', '3');
INSERT INTO `T_ENTITE` (`ID_ENTITE`, `ID_ENTITE_PARENT`, `CODE_LIBELLE`, `NIVEAU`) VALUES (20112, '20035', '20112', '3');
INSERT INTO `T_ENTITE` (`ID_ENTITE`, `ID_ENTITE_PARENT`, `CODE_LIBELLE`, `NIVEAU`) VALUES (20113, '20035', '20113', '3');
INSERT INTO `T_ENTITE` (`ID_ENTITE`, `ID_ENTITE_PARENT`, `CODE_LIBELLE`, `NIVEAU`) VALUES (20114, '20036', '20114', '3');
INSERT INTO `T_ENTITE` (`ID_ENTITE`, `ID_ENTITE_PARENT`, `CODE_LIBELLE`, `NIVEAU`) VALUES (20115, '20036', '20115', '3');
INSERT INTO `T_ENTITE` (`ID_ENTITE`, `ID_ENTITE_PARENT`, `CODE_LIBELLE`, `NIVEAU`) VALUES (20116, '20036', '20116', '3');
INSERT INTO `T_ENTITE` (`ID_ENTITE`, `ID_ENTITE_PARENT`, `CODE_LIBELLE`, `NIVEAU`) VALUES (20117, '20036', '20117', '3');
INSERT INTO `T_ENTITE` (`ID_ENTITE`, `ID_ENTITE_PARENT`, `CODE_LIBELLE`, `NIVEAU`) VALUES (20118, '20036', '20118', '3');
INSERT INTO `T_ENTITE` (`ID_ENTITE`, `ID_ENTITE_PARENT`, `CODE_LIBELLE`, `NIVEAU`) VALUES (20119, '20037', '20119', '3');
INSERT INTO `T_ENTITE` (`ID_ENTITE`, `ID_ENTITE_PARENT`, `CODE_LIBELLE`, `NIVEAU`) VALUES (20120, '20037', '20120', '3');
INSERT INTO `T_ENTITE` (`ID_ENTITE`, `ID_ENTITE_PARENT`, `CODE_LIBELLE`, `NIVEAU`) VALUES (20121, '20037', '20121', '3');
INSERT INTO `T_ENTITE` (`ID_ENTITE`, `ID_ENTITE_PARENT`, `CODE_LIBELLE`, `NIVEAU`) VALUES (20122, '20037', '20122', '3');
INSERT INTO `T_ENTITE` (`ID_ENTITE`, `ID_ENTITE_PARENT`, `CODE_LIBELLE`, `NIVEAU`) VALUES (20123, '20038', '20123', '3');
INSERT INTO `T_ENTITE` (`ID_ENTITE`, `ID_ENTITE_PARENT`, `CODE_LIBELLE`, `NIVEAU`) VALUES (20124, '20038', '20124', '3');
INSERT INTO `T_ENTITE` (`ID_ENTITE`, `ID_ENTITE_PARENT`, `CODE_LIBELLE`, `NIVEAU`) VALUES (20125, '20038', '20125', '3');
INSERT INTO `T_ENTITE` (`ID_ENTITE`, `ID_ENTITE_PARENT`, `CODE_LIBELLE`, `NIVEAU`) VALUES (20126, '20039', '20126', '3');
INSERT INTO `T_ENTITE` (`ID_ENTITE`, `ID_ENTITE_PARENT`, `CODE_LIBELLE`, `NIVEAU`) VALUES (20127, '20039', '20127', '3');
INSERT INTO `T_ENTITE` (`ID_ENTITE`, `ID_ENTITE_PARENT`, `CODE_LIBELLE`, `NIVEAU`) VALUES (20128, '20040', '20128', '3');
INSERT INTO `T_ENTITE` (`ID_ENTITE`, `ID_ENTITE_PARENT`, `CODE_LIBELLE`, `NIVEAU`) VALUES (20129, '20040', '20129', '3');
INSERT INTO `T_ENTITE` (`ID_ENTITE`, `ID_ENTITE_PARENT`, `CODE_LIBELLE`, `NIVEAU`) VALUES (20130, '20040', '20130', '3');
INSERT INTO `T_ENTITE` (`ID_ENTITE`, `ID_ENTITE_PARENT`, `CODE_LIBELLE`, `NIVEAU`) VALUES (20131, '20040', '20131', '3');
INSERT INTO `T_ENTITE` (`ID_ENTITE`, `ID_ENTITE_PARENT`, `CODE_LIBELLE`, `NIVEAU`) VALUES (20132, '20040', '20132', '3');
INSERT INTO `T_ENTITE` (`ID_ENTITE`, `ID_ENTITE_PARENT`, `CODE_LIBELLE`, `NIVEAU`) VALUES (20133, '20040', '20133', '3');
INSERT INTO `T_ENTITE` (`ID_ENTITE`, `ID_ENTITE_PARENT`, `CODE_LIBELLE`, `NIVEAU`) VALUES (20134, '20041', '20134', '3');
INSERT INTO `T_ENTITE` (`ID_ENTITE`, `ID_ENTITE_PARENT`, `CODE_LIBELLE`, `NIVEAU`) VALUES (20135, '20041', '20135', '3');
INSERT INTO `T_ENTITE` (`ID_ENTITE`, `ID_ENTITE_PARENT`, `CODE_LIBELLE`, `NIVEAU`) VALUES (20136, '20041', '20136', '3');
INSERT INTO `T_ENTITE` (`ID_ENTITE`, `ID_ENTITE_PARENT`, `CODE_LIBELLE`, `NIVEAU`) VALUES (20137, '20042', '20137', '3');
INSERT INTO `T_ENTITE` (`ID_ENTITE`, `ID_ENTITE_PARENT`, `CODE_LIBELLE`, `NIVEAU`) VALUES (20138, '20042', '20138', '3');
INSERT INTO `T_ENTITE` (`ID_ENTITE`, `ID_ENTITE_PARENT`, `CODE_LIBELLE`, `NIVEAU`) VALUES (20139, '20042', '20139', '3');
INSERT INTO `T_ENTITE` (`ID_ENTITE`, `ID_ENTITE_PARENT`, `CODE_LIBELLE`, `NIVEAU`) VALUES (20140, '20043', '20140', '3');
INSERT INTO `T_ENTITE` (`ID_ENTITE`, `ID_ENTITE_PARENT`, `CODE_LIBELLE`, `NIVEAU`) VALUES (20141, '20043', '20141', '3');
INSERT INTO `T_ENTITE` (`ID_ENTITE`, `ID_ENTITE_PARENT`, `CODE_LIBELLE`, `NIVEAU`) VALUES (20142, '20043', '20142', '3');
INSERT INTO `T_ENTITE` (`ID_ENTITE`, `ID_ENTITE_PARENT`, `CODE_LIBELLE`, `NIVEAU`) VALUES (20143, '20043', '20143', '3');
INSERT INTO `T_ENTITE` (`ID_ENTITE`, `ID_ENTITE_PARENT`, `CODE_LIBELLE`, `NIVEAU`) VALUES (20144, '20043', '20144', '3');
INSERT INTO `T_ENTITE` (`ID_ENTITE`, `ID_ENTITE_PARENT`, `CODE_LIBELLE`, `NIVEAU`) VALUES (20145, '20043', '20145', '3');
INSERT INTO `T_ENTITE` (`ID_ENTITE`, `ID_ENTITE_PARENT`, `CODE_LIBELLE`, `NIVEAU`) VALUES (20146, '20043', '20146', '3');
INSERT INTO `T_ENTITE` (`ID_ENTITE`, `ID_ENTITE_PARENT`, `CODE_LIBELLE`, `NIVEAU`) VALUES (20147, '20044', '20147', '3');
INSERT INTO `T_ENTITE` (`ID_ENTITE`, `ID_ENTITE_PARENT`, `CODE_LIBELLE`, `NIVEAU`) VALUES (20148, '20044', '20148', '3');
INSERT INTO `T_ENTITE` (`ID_ENTITE`, `ID_ENTITE_PARENT`, `CODE_LIBELLE`, `NIVEAU`) VALUES (20149, '20044', '20149', '3');
INSERT INTO `T_ENTITE` (`ID_ENTITE`, `ID_ENTITE_PARENT`, `CODE_LIBELLE`, `NIVEAU`) VALUES (20150, '20045', '20150', '3');
INSERT INTO `T_ENTITE` (`ID_ENTITE`, `ID_ENTITE_PARENT`, `CODE_LIBELLE`, `NIVEAU`) VALUES (20151, '20045', '20151', '3');
INSERT INTO `T_ENTITE` (`ID_ENTITE`, `ID_ENTITE_PARENT`, `CODE_LIBELLE`, `NIVEAU`) VALUES (20152, '20045', '20152', '3');
INSERT INTO `T_ENTITE` (`ID_ENTITE`, `ID_ENTITE_PARENT`, `CODE_LIBELLE`, `NIVEAU`) VALUES (20153, '20046', '20153', '3');
INSERT INTO `T_ENTITE` (`ID_ENTITE`, `ID_ENTITE_PARENT`, `CODE_LIBELLE`, `NIVEAU`) VALUES (20154, '20046', '20154', '3');
INSERT INTO `T_ENTITE` (`ID_ENTITE`, `ID_ENTITE_PARENT`, `CODE_LIBELLE`, `NIVEAU`) VALUES (20155, '20046', '20155', '3');
INSERT INTO `T_ENTITE` (`ID_ENTITE`, `ID_ENTITE_PARENT`, `CODE_LIBELLE`, `NIVEAU`) VALUES (20156, '20046', '20156', '3');
INSERT INTO `T_ENTITE` (`ID_ENTITE`, `ID_ENTITE_PARENT`, `CODE_LIBELLE`, `NIVEAU`) VALUES (20157, '20046', '20157', '3');
INSERT INTO `T_ENTITE` (`ID_ENTITE`, `ID_ENTITE_PARENT`, `CODE_LIBELLE`, `NIVEAU`) VALUES (20158, '20047', '20158', '3');
INSERT INTO `T_ENTITE` (`ID_ENTITE`, `ID_ENTITE_PARENT`, `CODE_LIBELLE`, `NIVEAU`) VALUES (20159, '20047', '20159', '3');
INSERT INTO `T_ENTITE` (`ID_ENTITE`, `ID_ENTITE_PARENT`, `CODE_LIBELLE`, `NIVEAU`) VALUES (20160, '20047', '20160', '3');
INSERT INTO `T_ENTITE` (`ID_ENTITE`, `ID_ENTITE_PARENT`, `CODE_LIBELLE`, `NIVEAU`) VALUES (20161, '20047', '20161', '3');
INSERT INTO `T_ENTITE` (`ID_ENTITE`, `ID_ENTITE_PARENT`, `CODE_LIBELLE`, `NIVEAU`) VALUES (20162, '20047', '20162', '3');
INSERT INTO `T_ENTITE` (`ID_ENTITE`, `ID_ENTITE_PARENT`, `CODE_LIBELLE`, `NIVEAU`) VALUES (20163, '20048', '20163', '3');
INSERT INTO `T_ENTITE` (`ID_ENTITE`, `ID_ENTITE_PARENT`, `CODE_LIBELLE`, `NIVEAU`) VALUES (20164, '20048', '20164', '3');
INSERT INTO `T_ENTITE` (`ID_ENTITE`, `ID_ENTITE_PARENT`, `CODE_LIBELLE`, `NIVEAU`) VALUES (20165, '20048', '20165', '3');



